/*
 Navicat Premium Data Transfer

 Source Server         : penghanyuan
 Source Server Type    : MySQL
 Source Server Version : 50710
 Source Host           : localhost
 Source Database       : flowscontrol

 Target Server Type    : MySQL
 Target Server Version : 50710
 File Encoding         : utf-8

 Date: 05/16/2016 19:18:12 PM
*/

SET NAMES utf8;
SET FOREIGN_KEY_CHECKS = 0;

-- ----------------------------
--  Table structure for `flows`
-- ----------------------------
DROP TABLE IF EXISTS `flows`;
CREATE TABLE `flows` (
  `flow_id` int(11) NOT NULL AUTO_INCREMENT,
  `flow_name` varchar(255) NOT NULL,
  PRIMARY KEY (`flow_id`)
) ENGINE=InnoDB AUTO_INCREMENT=10 DEFAULT CHARSET=utf8;

-- ----------------------------
--  Records of `flows`
-- ----------------------------
BEGIN;
INSERT INTO `flows` VALUES ('1', '导线印字'), ('2', '套管印写'), ('3', '划线'), ('4', '套保护套'), ('5', '扎线处理'), ('6', '端头处理（死接头处理）'), ('7', '焊接'), ('8', '压接'), ('9', '通道测试');
COMMIT;

-- ----------------------------
--  Table structure for `rules`
-- ----------------------------
DROP TABLE IF EXISTS `rules`;
CREATE TABLE `rules` (
  `rule_id` int(11) NOT NULL AUTO_INCREMENT,
  `flow_id` int(11) DEFAULT NULL,
  `rule_content` varchar(255) DEFAULT NULL,
  `rule_date` datetime DEFAULT NULL,
  `rule_status` int(11) DEFAULT NULL,
  PRIMARY KEY (`rule_id`)
) ENGINE=InnoDB AUTO_INCREMENT=56 DEFAULT CHARSET=utf8;

-- ----------------------------
--  Records of `rules`
-- ----------------------------
BEGIN;
INSERT INTO `rules` VALUES ('1', '1', '对规格10-24的单芯线印字', '2016-05-14 13:54:47', '1'), ('2', '1', '印字清晰不损伤绝缘层', '2016-05-14 13:24:57', '1'), ('3', '2', '在多芯线两端用热缩套管标识导线的编号、线规和颜色', '2016-05-14 13:24:57', '1'), ('4', '2', '热缩标识套管上的字符与导线轴线垂直', '2016-05-14 13:24:57', '1'), ('5', '3', '按1：1比例制作拉线样板图', '2016-05-14 13:24:57', '1'), ('6', '3', '按样板及装配作业指导书拉线，要求平直，不扭结，不交叉', '2016-05-14 13:24:57', '1'), ('7', '4', '拉线完在电缆上套上相应规格的胶布套或金属防波套或软胶管', '2016-05-14 13:24:57', '1'), ('8', '4', '套的大小要选择适当，穿套后表面平整，不扭转', '2016-05-14 13:24:57', '1'), ('9', '4', '分叉胶套处胶套搭接量，较粗电缆应大于80mm，较细电缆应大于50mm，单根导线搭接量应大于30mm', '2016-05-14 13:24:57', '1'), ('10', '4', '飞机座舱外电缆均要求套胶布套保护', '2016-05-14 13:24:57', '1'), ('11', '4', '金属防波套的大小，松紧要适当，下料按供应状态加放30%余量', '2016-05-14 13:24:57', '1'), ('12', '4', '修剪防波套端头时不要误伤导线，金属丝断头不能掉入电缆及成附件内', '2016-05-14 13:24:57', '1'), ('13', '4', '捆扎时先在扎线处的导线上包两层油绸，金属套端头平整的搭在油绸上，金属套端头上再用两层油绸包住，扎线要将油绸和金属套盖没', '2016-05-14 13:24:57', '1'), ('14', '4', '敞开式线束捆扎的间距为100mm', '2016-05-14 13:24:57', '1'), ('15', '4', '用胶布套保护的电缆，距离插头座50mm范围内不套胶布套', '2016-05-14 13:24:57', '1'), ('16', '5', '扎线要牢固、平整、不得勒伤导线绝缘层', '2016-05-14 13:24:57', '1'), ('17', '5', '凡用棉线扎线出都需涂上硝基胶Q98-1', '2016-05-14 13:24:57', '1'), ('18', '5', '线束捆扎成形后，按样板上的长度一次切线，允许放余量不大于20mm', '2016-05-14 13:24:57', '1'), ('19', '6', '严格按照图纸要求进行屏蔽收头，连、并线处理（屏蔽处理）', '2016-05-14 13:24:57', '1'), ('20', '6', '屏蔽层需引出电线的收头可用焊锡套管（屏蔽处理）', '2016-05-14 13:24:57', '1'), ('21', '6', '不需要引出电线的收头可采用去掉引线的焊锡套管，也可采用内部带胶的热缩管或内部不带胶的热缩管、内衬热溶胶带进行施工（屏蔽处理）', '2016-05-14 13:24:57', '1'), ('22', '6', '屏蔽线的剥制长度不大于70mm，多个屏蔽线收头要错开分布，屏蔽收头后再用死接头并接的，屏蔽线的剥线长度可适当放长（屏蔽处理）', '2016-05-14 13:24:57', '1'), ('23', '6', '屏蔽线处理，距终端50mm处剥去防波套，进行收头，在距终端200mm处环剥绝缘层后，用焊锡套管进行屏蔽处理（屏蔽处理）', '2016-05-14 13:24:57', '1'), ('24', '6', 'D436-37型死接头最大容纳线径1.34mm2，D436-38最大容纳线径3.37mm2（死）', '2016-05-14 13:24:57', '1'), ('25', '6', '电线分支、电线过渡等所用的对接接头一般为不可拆卸的死接头D436，当有多个死接头时，应将它们交错排列（两接头的间距10mm）（死）', '2016-05-14 13:24:57', '1'), ('26', '6', '每根导线只能有一根死接头，最近的一个死接头距离插头座端的距离60mm，无屏蔽的有多个死接头最长不大于150mm（死接头处理）', '2016-05-14 13:24:57', '1'), ('27', '6', '在死接头压接前先进行剥线，剥好的线芯送入压接筒，除了压接筒上要预先带有绝缘套管外，还应使用热缩管进行绝缘保护（死接头处理）', '2016-05-14 13:24:57', '1'), ('28', '6', '当线芯外径小于死接头所能容纳的线芯外径时，可另加线芯后再压接，另加的线芯要少于主线芯的1/3（死接头处理）', '2016-05-14 13:24:57', '1'), ('29', '6', '因设计图的局部更改可对已加工完毕的线路增加一个永久性接头线路来加长线缆，除此之外不允许通过死接头来加长线缆（死接头处理）', '2016-05-14 13:24:57', '1'), ('30', '6', '允许使用死接头把多根线缆连在单根线缆上，或用来改变线芯截面（死接头处理）', '2016-05-14 13:24:57', '1'), ('31', '6', 'S063-2接单屏线，S063-3接双绞线、三绞线', '2016-05-14 13:24:57', '1'), ('32', '6', '线的两端都要使用焊锡套管', '2016-05-14 13:24:57', '1'), ('33', '7', '要按图样要求选取与电缆截面相适应的对接接头和焊接所用的焊料、助焊剂', '2016-05-14 13:24:57', '1'), ('34', '7', '16号线规以上或导线芯数超过19的电线在焊接前应预涂上锡', '2016-05-14 13:24:57', '1'), ('35', '7', '焊接时1个接触偶内可以焊接多个导线，但要满足焊线孔内径和电线截面积之间的适配关系', '2016-05-14 13:24:57', '1'), ('36', '8', '根据接触偶压接筒的深度进行剥线，剥线线芯应平整，如散开则应重新绞合', '2016-05-14 13:24:57', '1'), ('37', '8', '将剥好的线芯全部装入压接筒中，并能从观察孔中目视到线芯', '2016-05-14 13:24:57', '1'), ('38', '8', '线芯全部装入压接筒中，并从观察孔中能目视到线芯', '2016-05-14 13:24:57', '1'), ('39', '8', '压接筒色环应清晰，允许局部脱落，但不能影响对色环的识别', '2016-05-14 13:24:57', '1'), ('40', '8', '没个压接筒只允许压接单根导线，接触偶规格，压接筒内径与导线线规三者应符合设计工艺文件要求', '2016-05-14 13:24:57', '1'), ('41', '8', '用5倍放大镜检查压接件，不应有压接产生的裂纹、压穿', '2016-05-14 13:24:57', '1'), ('42', '8', '压痕边缘距压接筒边缘距离为1.0~1.5mm，导线线芯裸露长度0~0.8mm，导线绝缘层严禁伸到压接筒中', '2016-05-14 13:24:57', '1'), ('43', '8', '通过制作试验件进行压接变形、压接电阻、压接强度的检查', '2016-05-14 13:24:57', '1'), ('44', '8', '压接接头型号要与线规匹配', '2016-05-14 13:24:57', '1'), ('45', '8', '压接时1个接触偶内只能压接1条导线，但要满足压线孔内径和电线截面积之间的适配关系', '2016-05-14 13:24:57', '1'), ('46', '9', '使用通用导通性能测试仪', '2016-05-14 13:24:57', '1'), ('47', '9', '根据接线表检查电缆中导线的导通性能，同时检查电缆中每根屏蔽线的屏蔽网都与地线接通', '2016-05-14 13:24:57', '1'), ('48', '9', '不准出现短路，断路，误配线，接触不良，绝缘不良等现象', '2016-05-14 13:24:57', '1'), ('52', '2', 'test', '2016-05-14 08:36:45', '-1'), ('54', '1', '测试一下', '2016-05-14 08:49:47', '-1'), ('55', '2', 'test121212', '2016-05-15 06:42:45', '-1');
COMMIT;

-- ----------------------------
--  Table structure for `users`
-- ----------------------------
DROP TABLE IF EXISTS `users`;
CREATE TABLE `users` (
  `user_id` int(11) NOT NULL AUTO_INCREMENT,
  `user_name` varchar(255) DEFAULT NULL,
  `user_psw` varchar(255) DEFAULT NULL,
  `user_type` int(11) DEFAULT NULL,
  PRIMARY KEY (`user_id`)
) ENGINE=InnoDB AUTO_INCREMENT=3 DEFAULT CHARSET=utf8;

-- ----------------------------
--  Records of `users`
-- ----------------------------
BEGIN;
INSERT INTO `users` VALUES ('1', 'admin', 'admin', null), ('2', 'user1', '123456', null);
COMMIT;

SET FOREIGN_KEY_CHECKS = 1;
